ticker_name,ticker_url,exchange_name,exchange_token_balance (cryptocurrency),exchange_value,selection1 (cryptocurrency),seven_day_change (cryptocurrency),three_day_change (cryptocurrency)
BTC,https://www.coincarp.com/currencies/bitcoin/,Binance,421388.0,"$12,835,455,120 ",-7270.97,4391.07,51783.36
BTC,https://www.coincarp.com/currencies/bitcoin/,Bitfinex,200979.0,"$6,121,802,409 ",-587.35,6746.14,7061.8
BTC,https://www.coincarp.com/currencies/bitcoin/,OKX(OKEx),197720.0,"$6,022,552,347 ",1308.95,-9630.41,-38164.24
BTC,https://www.coincarp.com/currencies/bitcoin/,Coincheck,39552.65,"$1,204,769,110 ",-97.58,-297.11,-441.09
BTC,https://www.coincarp.com/currencies/bitcoin/,Crypto.com Exchange,30279.07,"$922,297,004 ",-157.83,242.44,-11857.04
BTC,https://www.coincarp.com/currencies/bitcoin/,Bybit,27020.73,"$823,048,245 ",268.7,-694.24,-305.27
BTC,https://www.coincarp.com/currencies/bitcoin/,Bittrex,21405.4,"$652,005,934 ",-370.4,-1315.02,-4382.16
BTC,https://www.coincarp.com/currencies/bitcoin/,Huobi Global,17128.06,"$521,718,926 ",0.0,-0.019,-139.57
BTC,https://www.coincarp.com/currencies/bitcoin/,Poloniex,17125.12,"$521,629,124 ",-27.5,-57.29,93.69
BTC,https://www.coincarp.com/currencies/bitcoin/,KuCoin,14684.44,"$447,286,567 ",-460.23,-783.13,-517.71
BTC,https://www.coincarp.com/currencies/bitcoin/,BitMEX,14143.12,"$430,797,866 ",0.0,0.0,0.0
BTC,https://www.coincarp.com/currencies/bitcoin/,Bitget,8465.77,"$257,866,465 ",121.84,219.58,0.0
BTC,https://www.coincarp.com/currencies/bitcoin/,Kraken,7576.53,"$230,780,394 ",189.22,356.74,1400.54
BTC,https://www.coincarp.com/currencies/bitcoin/,Korbit,5960.15,"$181,545,623 ",0.0,0.0,0.0
BTC,https://www.coincarp.com/currencies/bitcoin/,BigONE,3377.58,"$102,880,904 ",-122.69,-120.01,-229.75
BTC,https://www.coincarp.com/currencies/bitcoin/,MEXC Global,2070.22,"$63,058,893 ",0.0,38.47,152.09
BTC,https://www.coincarp.com/currencies/bitcoin/,Phemex,1750.02,"$53,305,399 ",0.0,0.0,-200.0
BTC,https://www.coincarp.com/currencies/bitcoin/,CoinSwitch,1419.32,"$43,232,480 ",2.0,-15.0,-42.55
BTC,https://www.coincarp.com/currencies/bitcoin/,Jubi,720.32,"$21,941,076 ",0.0,0.0,0.0
BTC,https://www.coincarp.com/currencies/bitcoin/,Bitstamp,527.03,"$16,053,301 ",0.0,0.0,-1513.0
BTC,https://www.coincarp.com/currencies/bitcoin/,BitZ,300.0,"$9,138,257 ",0.0,0.0,0.0
BTC,https://www.coincarp.com/currencies/bitcoin/,CITEX,69.25,"$2,109,513 ",0.0,0.0,0.0
BTC,https://www.coincarp.com/currencies/bitcoin/,XT,16.85,"$513,435 ",-2.931,-2.888,1.843
BTC,https://www.coincarp.com/currencies/bitcoin/,WOO X,9.514,"$289,808 ",0.0,0.0,0.0
BTC,https://www.coincarp.com/currencies/bitcoin/,Coinw,4.82,"$146,823 ",0.0,0.0,0.0
BTC,https://www.coincarp.com/currencies/bitcoin/,ZG.com,0.05544,"$1,688.62 ",0.0,0.0,0.0
BTC,https://www.coincarp.com/currencies/bitcoin/,Coinbase Pro,0.01396,$425.33 ,0.0,0.0,0.0
BTC,https://www.coincarp.com/currencies/bitcoin/,Klickl(IDCM),0.001937,$59 ,0.0,0.0,0.0
BTC,https://www.coincarp.com/currencies/bitcoin/,AEX,0.0,$0 ,0.0,0.0,0.0
BTC,https://www.coincarp.com/currencies/bitcoin/,BKEX,0.0,$0 ,0.0,0.0,0.0
ETH,https://www.coincarp.com/currencies/ethereum/,Binance,4651380.0,"$9,801,389,298 ",56465.48,31737.1,294804.0
ETH,https://www.coincarp.com/currencies/ethereum/,Kraken,1827423.0,"$3,850,745,870 ",2867.41,11420.78,-46919.99
ETH,https://www.coincarp.com/currencies/ethereum/,OKX(OKEx),1221581.0,"$2,574,116,023 ",8749.74,-3964.91,13811.48
ETH,https://www.coincarp.com/currencies/ethereum/,Bitfinex,1212175.0,"$2,554,296,585 ",-35263.19,-41692.02,41425.34
ETH,https://www.coincarp.com/currencies/ethereum/,Gemini,424635.0,"$894,792,355 ",2220.77,-634.29,-47235.8
ETH,https://www.coincarp.com/currencies/ethereum/,Crypto.com Exchange,289838.0,"$610,748,439 ",344.38,-6780.77,-226741.0
ETH,https://www.coincarp.com/currencies/ethereum/,Bithumb,200014.0,"$421,470,303 ",0.0,0.0,-3.001
ETH,https://www.coincarp.com/currencies/ethereum/,Bybit,166788.0,"$351,456,590 ",6267.91,12623.13,6318.45
ETH,https://www.coincarp.com/currencies/ethereum/,gate.io,154253.0,"$325,042,414 ",-1717.14,-5651.11,-15478.19
ETH,https://www.coincarp.com/currencies/ethereum/,KuCoin,148820.0,"$313,594,384 ",1176.81,258.0,681.08
ETH,https://www.coincarp.com/currencies/ethereum/,Bittrex,124955.0,"$263,306,087 ",-3454.61,-11389.08,-24936.16
ETH,https://www.coincarp.com/currencies/ethereum/,Coinone,91002.94,"$191,761,403 ",-982.65,-1642.98,-2158.76
ETH,https://www.coincarp.com/currencies/ethereum/,Huobi Global,86417.9,"$182,099,812 ",-7.498,-23.34,-10313.52
ETH,https://www.coincarp.com/currencies/ethereum/,bitFlyer,74321.63,"$156,610,548 ",-1105.0,-860.0,-5355.0
ETH,https://www.coincarp.com/currencies/ethereum/,Binance.US,72064.22,"$151,853,730 ",-376.59,-176.18,-1771.82
ETH,https://www.coincarp.com/currencies/ethereum/,Korbit,57516.63,"$121,199,045 ",-650.38,-662.78,-2033.25
ETH,https://www.coincarp.com/currencies/ethereum/,Luno,29610.77,"$62,395,816 ",1259.48,274.63,-2117.93
ETH,https://www.coincarp.com/currencies/ethereum/,IDEX,17137.03,"$36,111,155 ",-1.513,-1.887,-10.32
ETH,https://www.coincarp.com/currencies/ethereum/,Bitget,15554.5,"$32,776,449 ",100.12,655.19,1118.44
ETH,https://www.coincarp.com/currencies/ethereum/,Coinbase Pro,15085.56,"$31,788,305 ",-9588.24,-9932.91,1740.61
ETH,https://www.coincarp.com/currencies/ethereum/,Curve,14392.89,"$30,328,701 ",-30.44,-776.11,-1103.19
ETH,https://www.coincarp.com/currencies/ethereum/,BitMEX,13055.71,"$27,511,006 ",382.42,752.84,253.72
ETH,https://www.coincarp.com/currencies/ethereum/,MEXC Global,13000.79,"$27,395,283 ",-196.09,675.08,-1254.47
ETH,https://www.coincarp.com/currencies/ethereum/,Poloniex,11012.88,"$23,206,341 ",-454.27,-391.09,-3411.39
ETH,https://www.coincarp.com/currencies/ethereum/,YoBit,10025.23,"$21,125,179 ",-128.87,-60.34,1996.99
ETH,https://www.coincarp.com/currencies/ethereum/,BitZ,10001.08,"$21,074,288 ",0.0,0.0,0.0
ETH,https://www.coincarp.com/currencies/ethereum/,CoinSwitch,8923.86,"$18,804,370 ",-12.24,-12.27,-68.07
ETH,https://www.coincarp.com/currencies/ethereum/,Indodax,5729.62,"$12,073,465 ",-353.57,-354.67,-1137.4
ETH,https://www.coincarp.com/currencies/ethereum/,Phemex,5572.6,"$11,742,591 ",0.0,0.0,3499.99
ETH,https://www.coincarp.com/currencies/ethereum/,BigONE,4046.57,"$8,526,950 ",-1.481,-432.13,-808.33
USDT,https://www.coincarp.com/currencies/tether/,Binance,2703092503.0,"$2,704,173,740 ",-103723060.0,185334388.0,14742633.0
USDT,https://www.coincarp.com/currencies/tether/,OKX(OKEx),1584032065.0,"$1,584,665,678 ",21313474.0,121750683.0,726522161.0
USDT,https://www.coincarp.com/currencies/tether/,Bybit,948738131.0,"$949,117,626 ",-17900069.0,-34434988.0,47489972.0
USDT,https://www.coincarp.com/currencies/tether/,KuCoin,608805664.0,"$609,049,186 ",-7468798.0,5120233.0,47218663.0
USDT,https://www.coincarp.com/currencies/tether/,MEXC Global,379755841.0,"$379,907,743 ",8205738.0,16292226.0,88840271.0
USDT,https://www.coincarp.com/currencies/tether/,Bitfinex,293028302.0,"$293,145,514 ",-39135606.0,-184656077.0,-479715894.0
USDT,https://www.coincarp.com/currencies/tether/,gate.io,201809520.0,"$201,890,244 ",-3541274.0,-2376392.0,18161094.0
USDT,https://www.coincarp.com/currencies/tether/,Bitget,179867851.0,"$179,939,799 ",1112343.0,1671992.0,437782.0
USDT,https://www.coincarp.com/currencies/tether/,Huobi Global,153096988.0,"$153,158,227 ",10640214.0,34453152.0,48476126.0
USDT,https://www.coincarp.com/currencies/tether/,BitMEX,141023221.0,"$141,079,630 ",-1265444.0,-2975818.0,4774962.0
USDT,https://www.coincarp.com/currencies/tether/,Crypto.com Exchange,102492222.0,"$102,533,219 ",-8758149.0,19867352.0,28404502.0
USDT,https://www.coincarp.com/currencies/tether/,Bittrex,82345046.0,"$82,377,984 ",2018.0,10683.84,-8934099.0
USDT,https://www.coincarp.com/currencies/tether/,Okcoin,70702325.0,"$70,730,606 ",4328392.0,-14366826.0,28756476.0
USDT,https://www.coincarp.com/currencies/tether/,Phemex,46650075.0,"$46,668,735 ",0.0,0.0,-1000000.0
USDT,https://www.coincarp.com/currencies/tether/,Poloniex,26559267.0,"$26,569,891 ",-2585.84,599112.0,-1086151.0
USDT,https://www.coincarp.com/currencies/tether/,Binance.US,23932677.0,"$23,942,250 ",5615248.0,-11062049.0,1285449.0
USDT,https://www.coincarp.com/currencies/tether/,Coinbase Pro,14532249.0,"$14,538,062 ",-10753414.0,-383189.0,-1827881.0
USDT,https://www.coincarp.com/currencies/tether/,Coinlist Pro,11330007.0,"$11,334,539 ",33466.58,322662.0,-275179.0
USDT,https://www.coincarp.com/currencies/tether/,Indodax,11074688.0,"$11,079,118 ",1303500.0,2366457.0,2323693.0
USDT,https://www.coincarp.com/currencies/tether/,YoBit,5941017.0,"$5,943,394 ",-75133.07,22532.08,249274.0
USDT,https://www.coincarp.com/currencies/tether/,AscendEX,4830402.0,"$4,832,334 ",305255.0,184862.0,433381.0
USDT,https://www.coincarp.com/currencies/tether/,CoinSwitch,3332901.0,"$3,334,234 ",39185.56,130113.0,12101.43
USDT,https://www.coincarp.com/currencies/tether/,WhiteBIT,3319504.0,"$3,320,832 ",316812.0,2021448.0,-6194170.0
USDT,https://www.coincarp.com/currencies/tether/,Kuna,3277399.0,"$3,278,710 ",0.0,0.0,0.0
USDT,https://www.coincarp.com/currencies/tether/,BitZ,3072757.0,"$3,073,986 ",1009.0,5341.92,32950.38
USDT,https://www.coincarp.com/currencies/tether/,Gemini,3039098.0,"$3,040,313 ",364493.0,-2204226.0,-240237.0
USDT,https://www.coincarp.com/currencies/tether/,Coinw,3034132.0,"$3,035,346 ",304380.0,466113.0,2236661.0
USDT,https://www.coincarp.com/currencies/tether/,Bithumb,2984758.0,"$2,985,952 ",13117.0,69444.98,428355.0
USDT,https://www.coincarp.com/currencies/tether/,CoinEx,2592809.0,"$2,593,846 ",-189387.0,-696494.0,-8474993.0
USDT,https://www.coincarp.com/currencies/tether/,BigONE,2207734.0,"$2,208,617 ",48676.86,25673.62,457103.0
BNB,https://www.coincarp.com/currencies/binance-coin/,Binance,21268.56,"$7,007,352 ",2.605,14.43,12030.85
BNB,https://www.coincarp.com/currencies/binance-coin/,Binance.US,2113.08,"$696,199 ",0.4487,1.486,1375.92
BNB,https://www.coincarp.com/currencies/binance-coin/,gate.io,1228.67,"$404,809 ",0.0,0.0,0.0
BNB,https://www.coincarp.com/currencies/binance-coin/,Crypto.com Exchange,116.87,"$38,506.81 ",0.0,0.0,0.0
BNB,https://www.coincarp.com/currencies/binance-coin/,CoinExchange,73.09,"$24,081.85 ",0.0,0.0,0.0
BNB,https://www.coincarp.com/currencies/binance-coin/,IDEX,25.22,"$8,309.06 ",0.0,0.0,0.0
BNB,https://www.coincarp.com/currencies/binance-coin/,KuCoin,5.393,"$1,776.95 ",0.0,0.0,0.0
BNB,https://www.coincarp.com/currencies/binance-coin/,Huobi Global,2.1,$691.88 ,0.0,0.0,0.0
BNB,https://www.coincarp.com/currencies/binance-coin/,Binance JEX,2.0,$658.95 ,0.0,0.0,0.0
BNB,https://www.coincarp.com/currencies/binance-coin/,Indodax,2.0,$658.94 ,0.0,0.0,0.0
BNB,https://www.coincarp.com/currencies/binance-coin/,CoinEx,0.8132,$267.95 ,0.0,0.0,0.0
BNB,https://www.coincarp.com/currencies/binance-coin/,Korbit,0.7,$230.62 ,0.0,0.0,0.0
BNB,https://www.coincarp.com/currencies/binance-coin/,AscendEX,0.3665,$120.78 ,0.0,0.0,0.0
BNB,https://www.coincarp.com/currencies/binance-coin/,BKEX,0.1615,$53.23 ,0.0,0.0,0.0
BNB,https://www.coincarp.com/currencies/binance-coin/,Bitfinex,0.15,$49.42 ,0.0,0.0,0.0
BNB,https://www.coincarp.com/currencies/binance-coin/,Kraken,0.15,$49.42 ,0.0,0.0,0.0
BNB,https://www.coincarp.com/currencies/binance-coin/,OKX(OKEx),0.15,$49.42 ,0.0,0.0,0.0
BNB,https://www.coincarp.com/currencies/binance-coin/,Poloniex,0.15,$49.42 ,0.0,0.0,0.0
BNB,https://www.coincarp.com/currencies/binance-coin/,Coinbase Pro,0.103,$33.93 ,0.0,0.0,0.0
BNB,https://www.coincarp.com/currencies/binance-coin/,MEXC Global,0.0501,$16.50 ,0.0,0.0,0.0
BNB,https://www.coincarp.com/currencies/binance-coin/,Coinw,0.01628,$5.36 ,0.0,0.0,0.0
BNB,https://www.coincarp.com/currencies/binance-coin/,Hotbit,0.000595,$0.20 ,0.0,0.0,0.0
BNB,https://www.coincarp.com/currencies/binance-coin/,CREX24,0.000583,$0.19 ,0.0,0.0,0.0
BNB,https://www.coincarp.com/currencies/binance-coin/,BigONE,9e-08,$0.00 ,0.0,0.0,0.0
BNB,https://www.coincarp.com/currencies/binance-coin/,OTCBTC,0.0,$0 ,0.0,0.0,0.0
USDC,https://www.coincarp.com/currencies/usdc/,Binance,1702022326.0,"$1,700,490,506 ",-101380992.0,-50025132.0,-3413324318.0
USDC,https://www.coincarp.com/currencies/usdc/,Crypto.com Exchange,320821962.0,"$320,533,222 ",-21948888.0,-26317303.0,-388209681.0
USDC,https://www.coincarp.com/currencies/usdc/,Coinbase Pro,272204574.0,"$271,959,590 ",241150420.0,60626822.0,9457104.0
USDC,https://www.coincarp.com/currencies/usdc/,Kraken,173675022.0,"$173,518,714 ",-4792993.0,-1332716.0,40291946.0
USDC,https://www.coincarp.com/currencies/usdc/,OKX(OKEx),146447433.0,"$146,315,630 ",-20055650.0,34676815.0,-214155149.0
USDC,https://www.coincarp.com/currencies/usdc/,KuCoin,68219503.0,"$68,158,106 ",-2562176.0,-2064699.0,-52236218.0
USDC,https://www.coincarp.com/currencies/usdc/,Bitget,45185876.0,"$45,145,208 ",-281837.0,-1439491.0,-6000961.0
USDC,https://www.coincarp.com/currencies/usdc/,MEXC Global,43836988.0,"$43,797,535 ",-187855.0,8105352.0,2261338.0
USDC,https://www.coincarp.com/currencies/usdc/,Huobi Global,21699388.0,"$21,679,858 ",1357755.0,2740384.0,-87051648.0
USDC,https://www.coincarp.com/currencies/usdc/,Bitfinex,21295193.0,"$21,276,027 ",363834.0,1424659.0,2937138.0
USDC,https://www.coincarp.com/currencies/usdc/,Bybit,15330807.0,"$15,317,009 ",-15050064.0,-13592571.0,-30193705.0
USDC,https://www.coincarp.com/currencies/usdc/,Okcoin,9152359.0,"$9,144,122 ",-143731.0,-8116550.0,-4958801.0
USDC,https://www.coincarp.com/currencies/usdc/,Binance.US,6450774.0,"$6,444,968 ",1356672.0,-4883210.0,-421949.0
USDC,https://www.coincarp.com/currencies/usdc/,Gemini,5972947.0,"$5,967,571 ",-1932552.0,-3348026.0,-14488162.0
USDC,https://www.coincarp.com/currencies/usdc/,Coinlist Pro,5607542.0,"$5,602,495 ",-31505.04,1628505.0,-13215254.0
USDC,https://www.coincarp.com/currencies/usdc/,Poloniex,4289316.0,"$4,285,456 ",-60448.22,-175186.0,-1567927.0
USDC,https://www.coincarp.com/currencies/usdc/,Phemex,3326581.0,"$3,323,587 ",0.0,0.0,-2000000.0
USDC,https://www.coincarp.com/currencies/usdc/,AscendEX,1542205.0,"$1,540,817 ",17869.46,775695.0,23847.67
USDC,https://www.coincarp.com/currencies/usdc/,Indodax,1148884.0,"$1,147,850 ",12629.56,21574.53,50299.47
USDC,https://www.coincarp.com/currencies/usdc/,CEX.IO,993838.0,"$992,943 ",-573761.0,-503226.0,-3437290.0
USDC,https://www.coincarp.com/currencies/usdc/,WhiteBIT,956296.0,"$955,436 ",762199.0,839963.0,491691.0
USDC,https://www.coincarp.com/currencies/usdc/,Kuna,881393.0,"$880,600 ",0.0,0.0,0.0
USDC,https://www.coincarp.com/currencies/usdc/,Bitrue,563804.0,"$563,296 ",-60699.12,-541865.0,75731.55
USDC,https://www.coincarp.com/currencies/usdc/,Remitano,474555.0,"$474,128 ",-212.81,17381.11,231298.0
USDC,https://www.coincarp.com/currencies/usdc/,WOO X,428220.0,"$427,835 ",-946878.0,-946878.0,0.0
USDC,https://www.coincarp.com/currencies/usdc/,ProBit Global,423480.0,"$423,099 ",-69.72,2488.78,-485225.0
USDC,https://www.coincarp.com/currencies/usdc/,Korbit,337718.0,"$337,414 ",-5861.76,38440.66,-55010.81
USDC,https://www.coincarp.com/currencies/usdc/,gate.io,290740.0,"$290,479 ",8727.51,16077.72,-37355492.0
USDC,https://www.coincarp.com/currencies/usdc/,Hotbit,177940.0,"$177,780 ",-241.01,-12056.07,-15886.48
USDC,https://www.coincarp.com/currencies/usdc/,HitBTC,172267.0,"$172,112 ",0.0,4130.0,4130.0
XRP,https://www.coincarp.com/currencies/ripple/,Binance,103976086.0,"$54,670,626 ",-12133.07,-281328.0,4936652.0
XRP,https://www.coincarp.com/currencies/ripple/,gate.io,7877.06,"$4,141.75 ",0.0,0.0,0.0
ADA,https://www.coincarp.com/currencies/cardano/,Binance,30189916.0,"$13,268,468 ",1710251.0,1785747.0,5466985.0
ADA,https://www.coincarp.com/currencies/cardano/,gate.io,8735.65,"$3,839.31 ",0.0,0.0,-115.11
DOGE,https://www.coincarp.com/currencies/dogecoin/,Binance,133568520.0,"$11,875,042 ",5092450.0,24963809.0,54837678.0
DOGE,https://www.coincarp.com/currencies/dogecoin/,MEXC Global,4284116.0,"$380,883 ",1747592.0,3761339.0,555141.0
DOGE,https://www.coincarp.com/currencies/dogecoin/,gate.io,145300.0,"$12,918.11 ",0.0,-6416.64,-8470.87
OKB,https://www.coincarp.com/currencies/okb/,OKX(OKEx),8114711.0,"$387,955,415 ",-662.06,718.86,3600015.0
OKB,https://www.coincarp.com/currencies/okb/,gate.io,29380.7,"$1,404,659 ",695.38,692.35,2569.78
OKB,https://www.coincarp.com/currencies/okb/,Indodax,6791.2,"$324,679 ",0.0,0.0,-5.045
OKB,https://www.coincarp.com/currencies/okb/,Hotbit,4929.71,"$235,684 ",0.0,0.0,0.0
OKB,https://www.coincarp.com/currencies/okb/,Bitfinex,4637.72,"$221,724 ",0.0,0.0,0.0
OKB,https://www.coincarp.com/currencies/okb/,AscendEX,2411.65,"$115,298 ",0.0,0.0,0.0
OKB,https://www.coincarp.com/currencies/okb/,Poloniex,521.61,"$24,937.91 ",0.0,0.0,0.0
OKB,https://www.coincarp.com/currencies/okb/,MEXC Global,496.93,"$23,757.97 ",-0.8407,5.538,-280.77
OKB,https://www.coincarp.com/currencies/okb/,ProBit Global,288.89,"$13,811.92 ",0.0,0.0,0.0
OKB,https://www.coincarp.com/currencies/okb/,Huobi Global,210.8,"$10,078.35 ",0.0,6.399,6.399
OKB,https://www.coincarp.com/currencies/okb/,HitBTC,0.2011,$9.62 ,0.0,0.0,0.0
OKB,https://www.coincarp.com/currencies/okb/,ZT,2e-08,$0.00 ,0.0,0.0,0.0
OKB,https://www.coincarp.com/currencies/okb/,BitMart,0.0,$0 ,0.0,0.0,0.0
OKB,https://www.coincarp.com/currencies/okb/,CoinEx,0.0,$0 ,0.0,0.0,0.0
OKB,https://www.coincarp.com/currencies/okb/,FTX,0.0,$0 ,0.0,0.0,0.0
MATIC,https://www.coincarp.com/currencies/matictoken/,Binance,395614041.0,"$460,969,481 ",-10567288.0,70373388.0,104426856.0
MATIC,https://www.coincarp.com/currencies/matictoken/,KuCoin,24901876.0,"$29,015,666 ",410917.0,1524474.0,122368.0
MATIC,https://www.coincarp.com/currencies/matictoken/,Crypto.com Exchange,24639076.0,"$28,709,451 ",57026.91,61562.74,-73958514.0
MATIC,https://www.coincarp.com/currencies/matictoken/,Bitfinex,17516206.0,"$20,409,883 ",-375722.0,-1601349.0,-3044012.0
MATIC,https://www.coincarp.com/currencies/matictoken/,Binance.US,8823071.0,"$10,280,642 ",-219363.0,-282495.0,-5845728.0
MATIC,https://www.coincarp.com/currencies/matictoken/,OKX(OKEx),7952266.0,"$9,265,981 ",2668090.0,3982006.0,3956253.0
MATIC,https://www.coincarp.com/currencies/matictoken/,Bybit,6628255.0,"$7,723,243 ",373390.0,593482.0,-42686.62
MATIC,https://www.coincarp.com/currencies/matictoken/,Gemini,5187935.0,"$6,044,982 ",-96122.57,-477514.0,32579.53
MATIC,https://www.coincarp.com/currencies/matictoken/,CoinSwitch,5183509.0,"$6,039,824 ",0.0,1e-10,-98381.75
MATIC,https://www.coincarp.com/currencies/matictoken/,Kraken,5000059.0,"$5,826,068 ",0.0,-5e-10,-5e-10
MATIC,https://www.coincarp.com/currencies/matictoken/,Coinbase Pro,3039362.0,"$3,541,464 ",-1026257.0,-795210.0,489593.0
MATIC,https://www.coincarp.com/currencies/matictoken/,gate.io,2531412.0,"$2,949,601 ",321452.0,483596.0,-676969.0
MATIC,https://www.coincarp.com/currencies/matictoken/,Huobi Global,2438308.0,"$2,841,117 ",-162044.0,-310825.0,-1099500.0
MATIC,https://www.coincarp.com/currencies/matictoken/,bitFlyer,2187842.0,"$2,549,273 ",-21767.0,34735.0,225721.0
MATIC,https://www.coincarp.com/currencies/matictoken/,Poloniex,1830496.0,"$2,132,894 ",-945.05,-28784.04,-15671.97
MATIC,https://www.coincarp.com/currencies/matictoken/,Indodax,1533673.0,"$1,787,036 ",-45215.7,-15745.76,200899.0
MATIC,https://www.coincarp.com/currencies/matictoken/,MEXC Global,1235191.0,"$1,439,245 ",-372468.0,-315795.0,-96322.44
MATIC,https://www.coincarp.com/currencies/matictoken/,Hotbit,567627.0,"$661,400 ",0.0,0.0,-534.5
MATIC,https://www.coincarp.com/currencies/matictoken/,Coinlist Pro,369340.0,"$430,355 ",-266.46,-2975.89,77997.02
MATIC,https://www.coincarp.com/currencies/matictoken/,ProBit Global,266187.0,"$310,161 ",0.0,0.0,21.47
MATIC,https://www.coincarp.com/currencies/matictoken/,AscendEX,260156.0,"$303,134 ",18979.29,24036.61,134937.0
MATIC,https://www.coincarp.com/currencies/matictoken/,Bitget,137104.0,"$159,753 ",18017.27,36663.32,37445.96
MATIC,https://www.coincarp.com/currencies/matictoken/,IDEX,95609.42,"$111,404 ",0.0,0.0,0.0
MATIC,https://www.coincarp.com/currencies/matictoken/,CoinEx,93152.52,"$108,541 ",1093.19,1417.97,22002.24
MATIC,https://www.coincarp.com/currencies/matictoken/,Bitrue,35924.19,"$41,858.87 ",1940.11,-313135.0,30517.92
MATIC,https://www.coincarp.com/currencies/matictoken/,WazirX,26395.85,"$30,756.45 ",-75986.8,-78465.17,-96628.54
MATIC,https://www.coincarp.com/currencies/matictoken/,CEX.IO,24832.41,"$28,934.73 ",-25100.11,-34151.4,-15662.93
MATIC,https://www.coincarp.com/currencies/matictoken/,LATOKEN,10000.0,"$11,652 ",0.0,0.0,0.0
MATIC,https://www.coincarp.com/currencies/matictoken/,WhiteBIT,7405.45,"$8,628.83 ",6017.37,4875.69,2363.51
MATIC,https://www.coincarp.com/currencies/matictoken/,Korbit,6136.1,"$7,149.78 ",0.0,0.0,0.0
SOL,https://www.coincarp.com/currencies/solana/,0,0.0,0,0.0,,
DOT,https://www.coincarp.com/currencies/polkadot100/,Binance,8202856.0,"$55,351,233 ",11107.18,-10335.55,58817.05
DOT,https://www.coincarp.com/currencies/polkadot100/,gate.io,830.81,"$5,606.20 ",0.0,0.0,0.0
LTC,https://www.coincarp.com/currencies/litecoin/,Binance,320685.0,"$30,981,955 ",299.76,325.68,2877.26
LTC,https://www.coincarp.com/currencies/litecoin/,gate.io,50.04,"$4,834.89 ",0.0,0.0,0.0
BUSD,https://www.coincarp.com/currencies/binanceusd/,Binance,6108344515.0,"$6,112,620,356 ",-72847730.0,-1122765042.0,-2228719991.0
BUSD,https://www.coincarp.com/currencies/binanceusd/,Bitget,9298679.0,"$9,305,189 ",1055.21,51049.35,5156312.0
BUSD,https://www.coincarp.com/currencies/binanceusd/,Binance.US,6724680.0,"$6,729,388 ",2337.89,60024.56,-1406847.0
BUSD,https://www.coincarp.com/currencies/binanceusd/,Bybit,3556274.0,"$3,558,764 ",120527.0,227659.0,-782644.0
BUSD,https://www.coincarp.com/currencies/binanceusd/,KuCoin,3372443.0,"$3,374,804 ",115232.0,144538.0,-409153.0
BUSD,https://www.coincarp.com/currencies/binanceusd/,Coinbase Pro,1195528.0,"$1,196,365 ",2877.67,11363.76,19839.65
BUSD,https://www.coincarp.com/currencies/binanceusd/,Crypto.com Exchange,510559.0,"$510,917 ",202.27,460.99,-2805195.0
BUSD,https://www.coincarp.com/currencies/binanceusd/,MEXC Global,373637.0,"$373,898 ",97041.14,22613.6,97087.72
BUSD,https://www.coincarp.com/currencies/binanceusd/,Poloniex,286368.0,"$286,569 ",-10001.71,-8815.64,-11990.81
BUSD,https://www.coincarp.com/currencies/binanceusd/,Gemini,220485.0,"$220,640 ",1812.79,1144.53,-110208.0
BUSD,https://www.coincarp.com/currencies/binanceusd/,Hotbit,36958.3,"$36,984.17 ",0.0,0.0,0.0
BUSD,https://www.coincarp.com/currencies/binanceusd/,Coinlist Pro,32369.4,"$32,392.06 ",0.0,0.0,0.0
BUSD,https://www.coincarp.com/currencies/binanceusd/,WazirX,22317.5,"$22,333.12 ",0.0,11048.24,-17791.66
BUSD,https://www.coincarp.com/currencies/binanceusd/,OKX(OKEx),17064.05,"$17,075.99 ",0.0,0.0,0.0
BUSD,https://www.coincarp.com/currencies/binanceusd/,AscendEX,15987.99,"$15,999.19 ",4996.0,4996.0,4957.15
BUSD,https://www.coincarp.com/currencies/binanceusd/,CEX.IO,4544.33,"$4,547.51 ",0.0,-148.0,-91756.32
BUSD,https://www.coincarp.com/currencies/binanceusd/,gate.io,1466.76,"$1,467.79 ",-5012689.0,-22687325.0,-595745.0
BUSD,https://www.coincarp.com/currencies/binanceusd/,Bilaxy,205.0,$205.14 ,0.0,0.0,0.0
BUSD,https://www.coincarp.com/currencies/binanceusd/,Kraken,49.72,$49.76 ,0.0,0.0,0.0
BUSD,https://www.coincarp.com/currencies/binanceusd/,HitBTC,2.402,$2.40 ,0.0,0.0,0.0
BUSD,https://www.coincarp.com/currencies/binanceusd/,BitMEX,0.1274,$0.13 ,0.0,0.0,0.0
BUSD,https://www.coincarp.com/currencies/binanceusd/,ZT,2e-08,$0.00 ,0.0,0.0,0.0
BUSD,https://www.coincarp.com/currencies/binanceusd/,BTSE,0.0,$0 ,0.0,0.0,0.0
BUSD,https://www.coincarp.com/currencies/binanceusd/,FTX,0.0,$0 ,0.0,0.0,0.0
BUSD,https://www.coincarp.com/currencies/binanceusd/,FTX US,0.0,$0 ,0.0,0.0,0.0
SHIB,https://www.coincarp.com/currencies/shibainu/,Binance,87063748390671.0,"$982,949,719 ",112729950426.0,259184716952.0,1117613867136.0
SHIB,https://www.coincarp.com/currencies/shibainu/,OKX(OKEx),10973982497065.0,"$123,896,262 ",149702873211.0,95037330639.0,930629185469.0
SHIB,https://www.coincarp.com/currencies/shibainu/,Crypto.com Exchange,9379377094451.0,"$105,893,167 ",-52664538204.0,-155093502349.0,-45439884665390.0
SHIB,https://www.coincarp.com/currencies/shibainu/,gate.io,6297209810997.0,"$71,095,498 ",7967307865.0,25877618897.0,40708146878.0
SHIB,https://www.coincarp.com/currencies/shibainu/,KuCoin,4498381306459.0,"$50,786,724 ",-26517190537.0,1732110716.0,5712055597.0
SHIB,https://www.coincarp.com/currencies/shibainu/,Binance.US,3341682885333.0,"$37,727,599 ",-6415094663.0,6242866591.0,-85177170147.0
SHIB,https://www.coincarp.com/currencies/shibainu/,Huobi Global,1813138134654.0,"$20,470,329 ",0.0,0.0,-3258928588.0
SHIB,https://www.coincarp.com/currencies/shibainu/,Indodax,1131657258623.0,"$12,776,410 ",-5091649284.0,-1211070337.0,-13741770906.0
SHIB,https://www.coincarp.com/currencies/shibainu/,CoinSwitch,951237546869.0,"$10,739,471 ",0.0,-921160349.0,-921160349.0
SHIB,https://www.coincarp.com/currencies/shibainu/,Bybit,735782814363.0,"$8,306,987 ",5674262737.0,26520655590.0,211313242685.0
SHIB,https://www.coincarp.com/currencies/shibainu/,Coinbase Pro,598886329950.0,"$6,761,426 ",-5293842170.0,46034577932.0,140194903694.0
SHIB,https://www.coincarp.com/currencies/shibainu/,Poloniex,589410210906.0,"$6,654,441 ",-19247383.0,-2189546368.0,-2704821761.0
SHIB,https://www.coincarp.com/currencies/shibainu/,Gemini,340030526961.0,"$3,838,944 ",-2235731029.0,5423898655.0,8431113029.0
SHIB,https://www.coincarp.com/currencies/shibainu/,bitFlyer,239739578518.0,"$2,706,659 ",3186979596.0,51885797409.0,0.0
SHIB,https://www.coincarp.com/currencies/shibainu/,Korbit,148391604707.0,"$1,675,341 ",-770923396.0,-1595449082.0,-6282900620.0
SHIB,https://www.coincarp.com/currencies/shibainu/,Hotbit,115152748014.0,"$1,300,074 ",-235500000.0,-6656789694.0,-53280042431.0
SHIB,https://www.coincarp.com/currencies/shibainu/,Bitfinex,109670177925.0,"$1,238,176 ",-597933211.0,-1695366537.0,-3844727096.0
SHIB,https://www.coincarp.com/currencies/shibainu/,Bitget,88593780767.0,"$1,000,223 ",3073905809.0,4987728824.0,13122667390.0
SHIB,https://www.coincarp.com/currencies/shibainu/,MEXC Global,34966436327.0,"$394,771 ",4835779131.0,772304357.0,-55339281238.0
SHIB,https://www.coincarp.com/currencies/shibainu/,Exmo,34588888814.0,"$390,508 ",-500000000.0,410008222.0,-218749397.0
SHIB,https://www.coincarp.com/currencies/shibainu/,LATOKEN,34242040617.0,"$386,592 ",0.0,221689238.0,-995730772.0
SHIB,https://www.coincarp.com/currencies/shibainu/,Coinw,31478577730.0,"$355,393 ",0.0,0.0,0.0
SHIB,https://www.coincarp.com/currencies/shibainu/,ProBit Global,29907127451.0,"$337,651 ",90000000.0,-113884223.0,-1295191432.0
SHIB,https://www.coincarp.com/currencies/shibainu/,WhiteBIT,27761996668.0,"$313,432 ",-47211928.0,345985680.0,-678016686.0
SHIB,https://www.coincarp.com/currencies/shibainu/,Kuna,26608657319.0,"$300,411 ",0.0,-1e-06,-1e-06
SHIB,https://www.coincarp.com/currencies/shibainu/,AscendEX,20086335783.0,"$226,774 ",42896321.0,-247546156.0,-37090613.0
SHIB,https://www.coincarp.com/currencies/shibainu/,Bitrue,15985849673.0,"$180,480 ",2233280542.0,-172153145874.0,-162281762153.0
SHIB,https://www.coincarp.com/currencies/shibainu/,WazirX,7534678023.0,"$85,066.51 ",-1863401746.0,-7501054522.0,-2405826798.0
SHIB,https://www.coincarp.com/currencies/shibainu/,Bilaxy,5911665630.0,"$66,742.70 ",0.0,1e-07,1e-07
SHIB,https://www.coincarp.com/currencies/shibainu/,CEX.IO,3365985893.0,"$38,001.98 ",-475990707.0,2486968362.0,1259293355.0
DAI,https://www.coincarp.com/currencies/dai/,Binance,146213501.0,"$146,374,336 ",-3975676.0,-3746002.0,-70565375.0
DAI,https://www.coincarp.com/currencies/dai/,Kraken,17646042.0,"$17,665,452 ",775483.0,6303842.0,3846140.0
DAI,https://www.coincarp.com/currencies/dai/,OKX(OKEx),7875853.0,"$7,884,517 ",149210.0,-300344.0,-4775297.0
DAI,https://www.coincarp.com/currencies/dai/,Crypto.com Exchange,6711646.0,"$6,719,028 ",10070.88,1631926.0,1939095.0
DAI,https://www.coincarp.com/currencies/dai/,KuCoin,5484209.0,"$5,490,242 ",162390.0,84953.69,-628151.0
DAI,https://www.coincarp.com/currencies/dai/,Coinbase Pro,3224731.0,"$3,228,278 ",-28384.6,24983.45,612901.0
DAI,https://www.coincarp.com/currencies/dai/,Gemini,2161611.0,"$2,163,988 ",-295653.0,-181854.0,-2166432.0
DAI,https://www.coincarp.com/currencies/dai/,Huobi Global,1660178.0,"$1,662,004 ",16410.61,66986.71,-124539441.0
DAI,https://www.coincarp.com/currencies/dai/,Binance.US,1096921.0,"$1,098,127 ",217826.0,70049.42,-22225.39
DAI,https://www.coincarp.com/currencies/dai/,Bitfinex,947269.0,"$948,311 ",-71754.19,-59249.04,-320696.0
DAI,https://www.coincarp.com/currencies/dai/,gate.io,908262.0,"$909,261 ",-205988.0,472700.0,385246.0
DAI,https://www.coincarp.com/currencies/dai/,MEXC Global,804573.0,"$805,458 ",-9131.23,-77493.26,-188849.0
DAI,https://www.coincarp.com/currencies/dai/,Bitget,585951.0,"$586,596 ",5676.47,107993.0,-283377.0
DAI,https://www.coincarp.com/currencies/dai/,Coinlist Pro,248864.0,"$249,138 ",104000.0,104000.0,101438.0
DAI,https://www.coincarp.com/currencies/dai/,AscendEX,240981.0,"$241,246 ",0.0,-200.0,981.0
DAI,https://www.coincarp.com/currencies/dai/,BitMEX,216800.0,"$217,038 ",0.0,0.0,-152616.0
DAI,https://www.coincarp.com/currencies/dai/,Poloniex,175629.0,"$175,822 ",-519.13,-510.84,-9839.64
DAI,https://www.coincarp.com/currencies/dai/,WhiteBIT,168536.0,"$168,721 ",-39992.62,-2661.47,85931.67
DAI,https://www.coincarp.com/currencies/dai/,Bybit,162182.0,"$162,361 ",20190.89,-2182032.0,-6170139.0
DAI,https://www.coincarp.com/currencies/dai/,Kuna,155239.0,"$155,410 ",0.0,0.0,0.0
DAI,https://www.coincarp.com/currencies/dai/,ProBit Global,117604.0,"$117,733 ",33.3,33.3,33.3
DAI,https://www.coincarp.com/currencies/dai/,Korbit,91861.88,"$91,962.93 ",0.0,0.0,24000.0
DAI,https://www.coincarp.com/currencies/dai/,Indodax,49590.52,"$49,645.07 ",2886.56,-11841.81,5605.36
DAI,https://www.coincarp.com/currencies/dai/,Coinone,44240.38,"$44,289.04 ",0.0,1.0,-146.76
DAI,https://www.coincarp.com/currencies/dai/,WOO X,35774.7,"$35,814.05 ",0.0,0.0,0.0
DAI,https://www.coincarp.com/currencies/dai/,CEX.IO,27546.04,"$27,576.34 ",0.0,-1490.0,17883.4
DAI,https://www.coincarp.com/currencies/dai/,Hotbit,12569.31,"$12,583.13 ",0.0,0.0,-9942.33
DAI,https://www.coincarp.com/currencies/dai/,Exmo,10539.19,"$10,550.78 ",519.13,1419.13,1419.13
DAI,https://www.coincarp.com/currencies/dai/,Bitrue,7376.73,"$7,384.85 ",0.0,2462.48,-8763.13
DAI,https://www.coincarp.com/currencies/dai/,Bibox,522.26,$522.84 ,0.0,0.0,-247.27
AVAX,https://www.coincarp.com/currencies/avalanche/,Binance,629346.0,"$11,987,913 ",-648.09,15695.14,58364.67
AVAX,https://www.coincarp.com/currencies/avalanche/,gate.io,39.11,$745 ,-1.263,-1.263,-2.139
AVAX,https://www.coincarp.com/currencies/avalanche/,WOO X,10.0,$190.48 ,0.0,0.0,0.0
TRX,https://www.coincarp.com/currencies/tron/,Binance,175852081.0,"$11,654,772 ",0.0,0.0,0.0
UNI,https://www.coincarp.com/currencies/uniswap/,Binance,26137137.0,"$164,878,288 ",128542.0,3208978.0,3162030.0
UNI,https://www.coincarp.com/currencies/uniswap/,OKX(OKEx),8484344.0,"$53,520,943 ",-34224.73,-34156.32,383117.0
UNI,https://www.coincarp.com/currencies/uniswap/,Kraken,2111022.0,"$13,316,748 ",0.0,-1e-10,-1e-10
UNI,https://www.coincarp.com/currencies/uniswap/,Huobi Global,799377.0,"$5,042,634 ",134977.0,95529.96,-20231.13
UNI,https://www.coincarp.com/currencies/uniswap/,Bitfinex,592033.0,"$3,734,668 ",13859.71,47373.55,27703.04
UNI,https://www.coincarp.com/currencies/uniswap/,Bybit,566431.0,"$3,573,165 ",12811.28,78630.21,110535.0
UNI,https://www.coincarp.com/currencies/uniswap/,gate.io,490831.0,"$3,096,265 ",5271.19,5908.71,-1500.49
UNI,https://www.coincarp.com/currencies/uniswap/,Gemini,476606.0,"$3,006,531 ",39517.57,19724.42,27859.79
UNI,https://www.coincarp.com/currencies/uniswap/,Coinbase Pro,397215.0,"$2,505,713 ",157949.0,89646.22,-25766.13
UNI,https://www.coincarp.com/currencies/uniswap/,Crypto.com Exchange,282731.0,"$1,783,524 ",-1503.88,-6410.15,-398976.0
UNI,https://www.coincarp.com/currencies/uniswap/,KuCoin,254725.0,"$1,606,857 ",-2710.75,2324.1,-4650.8
UNI,https://www.coincarp.com/currencies/uniswap/,Binance.US,206799.0,"$1,304,533 ",3753.57,23746.44,-1975.76
UNI,https://www.coincarp.com/currencies/uniswap/,Coinone,89488.92,"$564,514 ",-3.828,-8.405,46371.78
UNI,https://www.coincarp.com/currencies/uniswap/,Indodax,83882.56,"$529,147 ",-453.11,47.05,428.46
UNI,https://www.coincarp.com/currencies/uniswap/,CoinSwitch,82337.71,"$519,402 ",0.0,0.0,-1632.72
UNI,https://www.coincarp.com/currencies/uniswap/,Poloniex,79062.79,"$498,743 ",0.0,383.7,115.91
UNI,https://www.coincarp.com/currencies/uniswap/,Korbit,73902.6,"$466,192 ",-4.481,-7.5,-7.5
UNI,https://www.coincarp.com/currencies/uniswap/,Bitget,64991.37,"$409,978 ",3568.32,11442.94,14909.46
UNI,https://www.coincarp.com/currencies/uniswap/,CEX.IO,43744.28,"$275,947 ",-1599.0,-3195.93,-830.94
UNI,https://www.coincarp.com/currencies/uniswap/,Coinlist Pro,25568.34,"$161,290 ",0.0,-17.35,-1243.44
UNI,https://www.coincarp.com/currencies/uniswap/,MEXC Global,25524.21,"$161,011 ",-1445.65,6570.61,9458.28
UNI,https://www.coincarp.com/currencies/uniswap/,Kuna,17830.09,"$112,475 ",0.0,0.0,0.0
UNI,https://www.coincarp.com/currencies/uniswap/,AscendEX,17531.47,"$110,592 ",-95.84,-235.35,-228.6
UNI,https://www.coincarp.com/currencies/uniswap/,Bitrue,15203.09,"$95,904.14 ",0.0,26.04,222.95
UNI,https://www.coincarp.com/currencies/uniswap/,ProBit Global,7883.27,"$49,729.24 ",0.0,0.0,0.0
UNI,https://www.coincarp.com/currencies/uniswap/,LATOKEN,6187.0,"$39,028.83 ",0.0,0.0,0.0
UNI,https://www.coincarp.com/currencies/uniswap/,ZB,5701.47,"$35,966.06 ",0.0,0.0,0.0
UNI,https://www.coincarp.com/currencies/uniswap/,Hotbit,4070.08,"$25,674.92 ",0.0,0.0,-88.08
UNI,https://www.coincarp.com/currencies/uniswap/,HitBTC,3944.06,"$24,879.92 ",0.0,0.0,0.0
UNI,https://www.coincarp.com/currencies/uniswap/,WazirX,3122.04,"$19,694.45 ",0.0,0.0,-1864.74
WBTC,https://www.coincarp.com/currencies/wrapped-bitcoin/,Binance,2910.73,"$88,788,774 ",-359.75,-266.7,-1898.64
WBTC,https://www.coincarp.com/currencies/wrapped-bitcoin/,gate.io,1823.83,"$55,634,032 ",-8.932,-8.232,-0.219
WBTC,https://www.coincarp.com/currencies/wrapped-bitcoin/,Crypto.com Exchange,167.25,"$5,101,915 ",-4.742,27.85,-89.61
WBTC,https://www.coincarp.com/currencies/wrapped-bitcoin/,Coinbase Pro,84.44,"$2,575,831 ",-20.29,-135.52,-79.37
WBTC,https://www.coincarp.com/currencies/wrapped-bitcoin/,OKX(OKEx),77.76,"$2,372,158 ",-3.392,2.279,-2.396
WBTC,https://www.coincarp.com/currencies/wrapped-bitcoin/,Bitfinex,68.87,"$2,101,013 ",-4.92,0.4645,-18.21
WBTC,https://www.coincarp.com/currencies/wrapped-bitcoin/,Binance.US,22.88,"$698,207 ",0.233,-0.1191,-3.334
WBTC,https://www.coincarp.com/currencies/wrapped-bitcoin/,KuCoin,22.22,"$677,835 ",-1.351,0.9629,-9.424
WBTC,https://www.coincarp.com/currencies/wrapped-bitcoin/,Poloniex,22.05,"$672,855 ",0.0009,0.04925,-1.026
WBTC,https://www.coincarp.com/currencies/wrapped-bitcoin/,MEXC Global,14.85,"$453,028 ",-0.9934,7.883,0.5217
WBTC,https://www.coincarp.com/currencies/wrapped-bitcoin/,Bybit,8.93,"$272,406 ",-1.362,-12.59,-9.216
WBTC,https://www.coincarp.com/currencies/wrapped-bitcoin/,Bitget,7.514,"$229,212 ",2.539,2.278,-2.716
WBTC,https://www.coincarp.com/currencies/wrapped-bitcoin/,Huobi Global,3.489,"$106,439 ",-0.02896,0.08695,0.1018
WBTC,https://www.coincarp.com/currencies/wrapped-bitcoin/,Korbit,3.449,"$105,208 ",0.0,0.0,0.0
WBTC,https://www.coincarp.com/currencies/wrapped-bitcoin/,Bitrue,2.779,"$84,765.65 ",0.0,2.157,2.738
WBTC,https://www.coincarp.com/currencies/wrapped-bitcoin/,ProBit Global,2.711,"$82,711.26 ",0.0,0.0,0.0
WBTC,https://www.coincarp.com/currencies/wrapped-bitcoin/,Coinlist Pro,2.523,"$76,971.60 ",0.154,1.759,1.849
WBTC,https://www.coincarp.com/currencies/wrapped-bitcoin/,BTSE,1.791,"$54,626.47 ",0.0,0.0,0.0
WBTC,https://www.coincarp.com/currencies/wrapped-bitcoin/,CEX.IO,1.765,"$53,837.58 ",0.0,0.0,0.6004
WBTC,https://www.coincarp.com/currencies/wrapped-bitcoin/,Indodax,1.103,"$33,644.83 ",0.0,0.01658,-0.01779
WBTC,https://www.coincarp.com/currencies/wrapped-bitcoin/,BigONE,1.005,"$30,661.04 ",0.0,0.0,0.0
WBTC,https://www.coincarp.com/currencies/wrapped-bitcoin/,Coinone,0.7176,"$21,890.09 ",0.0,-0.001969,-0.002069
